{"cameraMode":{"drawMode":0,"name":"Shaded","section":"Shading Mode"},"sceneLighting":false,"audioPlay":false,"sceneViewState":{"m_AlwaysRefresh":false,"showFog":true,"showSkybox":false,"showFlares":true,"showImageEffects":true,"showParticleSystems":true,"showVisualEffectGraphs":true,"m_FxEnabled":true},"in2DMode":false,"pivot":{"x":-0.9178667068481445,"y":9.164942741394043,"z":-0.6474399566650391},"rotation":{"x":0.22160476446151734,"y":0.054083265364170077,"z":-0.012311051599681378,"w":0.9735634326934815},"size":17.801572799682618,"orthographic":false}