{"cameraMode":{"drawMode":0,"name":"Shaded","section":"Shading Mode"},"sceneLighting":false,"audioPlay":false,"sceneViewState":{"m_AlwaysRefresh":false,"showFog":true,"showSkybox":false,"showFlares":true,"showImageEffects":true,"showParticleSystems":true,"showVisualEffectGraphs":true,"m_FxEnabled":true},"in2DMode":false,"pivot":{"x":0.09887249022722244,"y":3.3609211444854738,"z":1.7446449995040894},"rotation":{"x":0.003179317805916071,"y":0.9762102365493774,"z":-0.2175903022289276,"w":0.010926741175353527},"size":1.7950925827026368,"orthographic":false}