{"cameraMode":{"drawMode":0,"name":"Shaded","section":"Shading Mode"},"sceneLighting":false,"audioPlay":false,"sceneViewState":{"m_AlwaysRefresh":false,"showFog":true,"showSkybox":false,"showFlares":true,"showImageEffects":true,"showParticleSystems":true,"showVisualEffectGraphs":true,"m_FxEnabled":true},"in2DMode":false,"pivot":{"x":-0.000049591064453125,"y":30.73426055908203,"z":-0.0000095367431640625},"rotation":{"x":0.22160476446151734,"y":0.054083265364170077,"z":-0.012311051599681378,"w":0.9735634326934815},"size":47.75862121582031,"orthographic":false}