{"cameraMode":{"drawMode":0,"name":"Shaded","section":"Shading Mode"},"sceneLighting":false,"audioPlay":false,"sceneViewState":{"m_AlwaysRefresh":false,"showFog":true,"showSkybox":false,"showFlares":true,"showImageEffects":true,"showParticleSystems":true,"showVisualEffectGraphs":true,"m_FxEnabled":true},"in2DMode":false,"pivot":{"x":-0.00002002716064453125,"y":5.235018253326416,"z":0.0000057220458984375},"rotation":{"x":0.047186609357595447,"y":0.9181725978851318,"z":-0.3761413097381592,"w":0.11518906056880951},"size":17.336111068725587,"orthographic":false}