{"cameraMode":{"drawMode":0,"name":"Shaded","section":"Shading Mode"},"sceneLighting":false,"audioPlay":false,"sceneViewState":{"m_AlwaysRefresh":false,"showFog":true,"showSkybox":false,"showFlares":true,"showImageEffects":true,"showParticleSystems":true,"showVisualEffectGraphs":true,"m_FxEnabled":true},"in2DMode":false,"pivot":{"x":0.11429882049560547,"y":9.936471939086914,"z":-0.9700107574462891},"rotation":{"x":0.23609985411167146,"y":0.0597124882042408,"z":-0.014536652714014054,"w":0.9697916507720947},"size":15.537927627563477,"orthographic":false}