{"cameraMode":{"drawMode":0,"name":"Shaded","section":"Shading Mode"},"sceneLighting":true,"audioPlay":false,"sceneViewState":{"m_AlwaysRefresh":false,"showFog":true,"showSkybox":true,"showFlares":true,"showImageEffects":true,"showParticleSystems":true,"showVisualEffectGraphs":true,"m_FxEnabled":true},"in2DMode":false,"pivot":{"x":-6.0712151527404789,"y":1.7874565124511719,"z":8.15518569946289},"rotation":{"x":0.18471691012382508,"y":-0.32338130474090578,"z":0.06430187076330185,"w":0.9260552525520325},"size":12.12435531616211,"orthographic":false}