{"cameraMode":{"drawMode":0,"name":"Shaded","section":"Shading Mode"},"sceneLighting":false,"audioPlay":false,"sceneViewState":{"m_AlwaysRefresh":false,"showFog":true,"showSkybox":false,"showFlares":true,"showImageEffects":true,"showParticleSystems":true,"showVisualEffectGraphs":true,"m_FxEnabled":true},"in2DMode":false,"pivot":{"x":0.08928513526916504,"y":2.5284736156463625,"z":0.13571667671203614},"rotation":{"x":0.047186609357595447,"y":0.9181725978851318,"z":-0.3761413097381592,"w":0.11518906056880951},"size":3.180576801300049,"orthographic":false}