{"cameraMode":{"drawMode":0,"name":"Shaded","section":"Shading Mode"},"sceneLighting":false,"audioPlay":false,"sceneViewState":{"m_AlwaysRefresh":false,"showFog":true,"showSkybox":false,"showFlares":true,"showImageEffects":true,"showParticleSystems":true,"showVisualEffectGraphs":true,"m_FxEnabled":true},"in2DMode":false,"pivot":{"x":0.00001049041748046875,"y":7.164394378662109,"z":0.0000057220458984375},"rotation":{"x":0.32554471492767336,"y":0.03402421995997429,"z":-0.01172358077019453,"w":0.9448472261428833},"size":16.458614349365236,"orthographic":false}