{"cameraMode":{"drawMode":0,"name":"Shaded","section":"Shading Mode"},"sceneLighting":false,"audioPlay":false,"sceneViewState":{"m_AlwaysRefresh":false,"showFog":true,"showSkybox":false,"showFlares":true,"showImageEffects":true,"showParticleSystems":true,"showVisualEffectGraphs":true,"m_FxEnabled":true},"in2DMode":false,"pivot":{"x":-0.3555496037006378,"y":5.145013332366943,"z":8.735369682312012},"rotation":{"x":0.005075507797300816,"y":0.958393394947052,"z":-0.28579556941986086,"w":0.015037639066576958},"size":0.000017320508050033823,"orthographic":false}