{"cameraMode":{"drawMode":0,"name":"Shaded","section":"Shading Mode"},"sceneLighting":false,"audioPlay":false,"sceneViewState":{"m_AlwaysRefresh":false,"showFog":true,"showSkybox":false,"showFlares":true,"showImageEffects":true,"showParticleSystems":true,"showVisualEffectGraphs":true,"m_FxEnabled":true},"in2DMode":false,"pivot":{"x":-0.000019073486328125,"y":0.6916518211364746,"z":-0.0000019073486328125},"rotation":{"x":0.32554471492767336,"y":0.03402421995997429,"z":-0.01172358077019453,"w":0.9448472261428833},"size":34.34250259399414,"orthographic":false}