{"cameraMode":{"drawMode":0,"name":"Shaded","section":"Shading Mode"},"sceneLighting":false,"audioPlay":false,"sceneViewState":{"m_AlwaysRefresh":false,"showFog":true,"showSkybox":false,"showFlares":true,"showImageEffects":true,"showParticleSystems":true,"showVisualEffectGraphs":true,"m_FxEnabled":true},"in2DMode":false,"pivot":{"x":-5.000011444091797,"y":-0.22667968273162843,"z":-10.000003814697266},"rotation":{"x":0.32554471492767336,"y":0.03402421995997429,"z":-0.01172358077019453,"w":0.9448472261428833},"size":11.219446182250977,"orthographic":false}