{"cameraMode":{"drawMode":0,"name":"Shaded","section":"Shading Mode"},"sceneLighting":false,"audioPlay":false,"sceneViewState":{"m_AlwaysRefresh":false,"showFog":true,"showSkybox":false,"showFlares":true,"showImageEffects":true,"showParticleSystems":true,"showVisualEffectGraphs":true,"m_FxEnabled":true},"in2DMode":false,"pivot":{"x":0.1260148137807846,"y":4.230616092681885,"z":10.158462524414063},"rotation":{"x":-0.0005455805221572518,"y":0.9703894853591919,"z":-0.24243366718292237,"w":-0.005168619100004435},"size":0.000017320508050033823,"orthographic":false}