{"cameraMode":{"drawMode":0,"name":"Shaded","section":"Shading Mode"},"sceneLighting":false,"audioPlay":false,"sceneViewState":{"m_AlwaysRefresh":false,"showFog":true,"showSkybox":false,"showFlares":true,"showImageEffects":true,"showParticleSystems":true,"showVisualEffectGraphs":true,"m_FxEnabled":true},"in2DMode":false,"pivot":{"x":-0.000019550323486328125,"y":2.9240245819091799,"z":-0.0000095367431640625},"rotation":{"x":0.32554471492767336,"y":0.03402421995997429,"z":-0.01172358077019453,"w":0.9448472261428833},"size":8.54667854309082,"orthographic":false}