{"cameraMode":{"drawMode":0,"name":"Shaded","section":"Shading Mode"},"sceneLighting":false,"audioPlay":false,"sceneViewState":{"m_AlwaysRefresh":false,"showFog":true,"showSkybox":false,"showFlares":true,"showImageEffects":true,"showParticleSystems":true,"showVisualEffectGraphs":true,"m_FxEnabled":true},"in2DMode":false,"pivot":{"x":0.11512279510498047,"y":6.321362495422363,"z":-0.26741981506347659},"rotation":{"x":0.32554471492767336,"y":0.03402421995997429,"z":-0.01172358077019453,"w":0.9448472261428833},"size":16.551767349243165,"orthographic":false}